<?xml version="1.0" encoding="UTF-8"?>
<project-private xmlns="http://www.netbeans.org/ns/project-private/1">
    <editor-bookmarks xmlns="http://www.netbeans.org/ns/editor-bookmarks/2" lastBookmarkId="0"/>
    <open-files xmlns="http://www.netbeans.org/ns/projectui-open-files/2">
        <group>
            <file>file:/C:/Users/asus/Desktop/CisGame/src/GUI/Dashboard.java</file>
            <file>file:/C:/Users/asus/Desktop/CisGame/src/Class/Config.java</file>
            <file>file:/C:/Users/asus/Desktop/CisGame/src/Class/GamePlan.java</file>
            <file>file:/C:/Users/asus/Desktop/CisGame/src/Class/SendMail.java</file>
            <file>file:/C:/Users/asus/Desktop/CisGame/src/GUI/GamePlay.java</file>
            <file>file:/C:/Users/asus/Desktop/CisGame/src/GUI/Register.java</file>
            <file>file:/C:/Users/asus/Desktop/CisGame/src/Class/Player.java</file>
            <file>file:/C:/Users/asus/Desktop/CisGame/src/GUI/Login.java</file>
        </group>
    </open-files>
</project-private>
